sent_part,sent_part,sent_num,Possessor_ID,Possessee_ID,Verb_ID,Possession_existence,Possession_type,Duration_before,Duration_during,Duration_after
wb/eng/00/eng_0002,2,35,3,2,5,Yes,Alienable,Yes,Yes,Yes
nw/wsj/11/wsj_1146,0,69,7,2,8,Yes,Alienable,Yes,Yes,Yes
bn/pri/00/pri_0051,0,9,0,3,2,Yes,Alienable,No,No,Yes
bc/cctv/00/cctv_0001,7,22,0,3,1,Yes,Control,No,Yes,No
nw/wsj/24/wsj_2402,0,33,0,3,1,Yes,Control,No,No,Yes
nw/wsj/07/wsj_0725,0,122,0,3,1,Yes,Alienable,Yes,Yes,Yes
bn/voa/02/voa_0241,0,6,1,3,2,Yes,Alienable,No,No,Yes
bc/cctv/00/cctv_0000,0,18,0,3,1,Yes,Control,No,Yes,No
mz/sinorama/10/ectb_1063,7,12,0,3,1,Yes,Control,No,No,Yes
bn/cnn/04/cnn_0411,0,20,1,3,2,Yes,Alienable,Yes,Yes,Yes
bn/cnn/02/cnn_0231,0,12,0,3,1,Yes,Alienable,No,No,Yes
nw/wsj/15/wsj_1586,0,31,0,3,1,Yes,Alienable,Yes,Yes,Yes
bn/cnn/03/cnn_0360,0,14,0,3,1,Yes,Alienable,Yes,Yes,Yes
bc/msnbc/00/msnbc_0002,12,27,0,3,1,Yes,Alienable,Yes,Yes,Yes
bn/voa/00/voa_0096,0,2,0,3,1,Yes,Control,No,Yes,No
bn/cnn/03/cnn_0362,0,3,0,3,1,Yes,Control,No,Yes,No
bn/cnn/02/cnn_0277,0,5,1,4,2,Yes,Control,No,Yes,No
wb/a2e/00/a2e_0028,0,16,1,4,2,Yes,Alienable,Yes,Yes,Yes
mz/sinorama/10/ectb_1054,1,8,0,4,2,Yes,Alienable,No,No,Yes
bc/msnbc/00/msnbc_0007,2,64,0,4,1,Yes,Control,Yes,No,No
bn/pri/00/pri_0050,0,18,0,4,3,Yes,Alienable,No,No,Yes
wb/c2e/00/c2e_0011,0,40,0,4,2,Yes,Control,No,Yes,No
nw/wsj/13/wsj_1367,0,20,0,4,1,Yes,Control,No,Yes,No
bc/msnbc/00/msnbc_0005,15,36,0,4,1,Yes,Alienable,No,No,Yes
bc/cnn/00/cnn_0004,3,74,1,4,3,Yes,Control,No,Yes,No
bn/cnn/03/cnn_0360,0,8,0,4,2,Yes,Control,No,Yes,No
nw/wsj/20/wsj_2013,0,42,14,4,15,Yes,Alienable,Yes,Yes,Yes
mz/sinorama/10/ectb_1052,3,11,0,4,2,Yes,Control,No,Yes,No
bc/msnbc/00/msnbc_0005,5,20,0,4,1,Yes,Control,No,Yes,No
bn/cnn/02/cnn_0252,0,13,0,4,1,Yes,Control,Yes,No,No
wb/eng/00/eng_0009,4,7,0,5,2,Yes,Alienable,Yes,Yes,Yes
wb/eng/00/eng_0002,2,43,0,5,1,Yes,Alienable,Yes,Yes,Yes
nw/wsj/20/wsj_2013,0,43,1,5,2,Yes,Alienable,Yes,Yes,Yes
bn/cnn/02/cnn_0255,0,9,0,5,1,Yes,Control,No,No,Yes
bn/pri/00/pri_0027,0,26,0,5,2,Yes,Control,No,Yes,No
bc/msnbc/00/msnbc_0007,7,11,0,5,1,Yes,Control,Yes,Yes,Yes
mz/sinorama/10/ectb_1009,5,7,0,5,2,Yes,Control,Yes,Yes,Yes
mz/sinorama/10/ectb_1078,2,23,1,5,2,Yes,Control,No,Yes,No
bn/pri/00/pri_0037,0,9,0,5,2,Yes,Control,No,No,Yes
mz/sinorama/10/ectb_1003,5,6,1,5,3,Yes,Alienable,No,No,Yes
bn/cnn/03/cnn_0360,0,13,0,5,2,Yes,Control,No,Yes,No
wb/a2e/00/a2e_0019,0,23,1,5,3,Yes,Alienable,Yes,Yes,Yes
bc/cnn/00/cnn_0004,12,79,0,5,1,Yes,Control,No,Yes,No
bn/nbc/00/nbc_0033,0,9,0,5,1,Yes,Control,No,Yes,No
wb/a2e/00/a2e_0015,0,28,0,5,1,Yes,Control,No,Yes,No
wb/eng/00/eng_0017,3,44,0,5,1,Yes,Alienable,Yes,Yes,Yes
bc/cnn/00/cnn_0001,16,10,1,5,3,Yes,Control,Yes,No,No
tc/ch/00/ch_0039,0,101,1,5,2,Yes,Alienable,Yes,Yes,Yes
mz/sinorama/10/ectb_1017,5,2,9,5,12,Yes,Alienable,Yes,Yes,Yes
bn/voa/02/voa_0241,0,6,1,5,2,Yes,Control,No,Yes,No
nw/wsj/15/wsj_1572,0,14,0,5,1,Yes,Control,No,Yes,No
bc/msnbc/00/msnbc_0007,7,10,0,6,1,Yes,Alienable,Yes,Yes,Yes
bn/cnn/04/cnn_0420,0,0,1,6,2,Yes,Control,No,Yes,No
nw/wsj/24/wsj_2418,0,29,3,6,4,Yes,Alienable,Yes,No,No
nw/wsj/15/wsj_1583,0,12,1,6,3,Yes,Control,No,Yes,No
nw/wsj/15/wsj_1586,0,32,3,6,4,Yes,Alienable,Yes,Yes,Yes
bn/cnn/02/cnn_0274,0,1,1,6,2,Yes,Control,Yes,No,No
bc/phoenix/00/phoenix_0003,4,20,2,6,4,Yes,Alienable,Yes,Yes,Yes
bc/phoenix/00/phoenix_0003,6,35,27,6,30,Yes,Alienable,Yes,Yes,Yes
nw/wsj/11/wsj_1146,0,141,0,6,2,Yes,Alienable,No,No,Yes
bn/abc/00/abc_0001,0,15,0,6,1,Yes,Alienable,Yes,Yes,Yes
wb/a2e/00/a2e_0015,0,46,0,6,1,Yes,Control,No,Yes,No
nw/wsj/14/wsj_1422,0,11,7,6,9,Yes,Control,Yes,No,No
bc/cctv/00/cctv_0001,7,3,3,6,4,Yes,Alienable,Yes,Yes,Yes
wb/c2e/00/c2e_0029,0,47,3,6,4,Yes,Alienable,Yes,Yes,Yes
nw/wsj/07/wsj_0725,0,122,0,6,1,Yes,Alienable,Yes,Yes,Yes
nw/wsj/02/wsj_0242,0,22,8,7,9,Yes,Alienable,Yes,Yes,Yes
nw/wsj/21/wsj_2112,0,31,0,7,1,Yes,Alienable,No,No,Yes
mz/sinorama/10/ectb_1064,9,5,4,7,5,Yes,Alienable,No,No,Yes
bc/msnbc/00/msnbc_0007,2,64,0,7,1,Yes,Control,Yes,No,No
bc/msnbc/00/msnbc_0007,5,20,0,7,2,Yes,Alienable,No,No,Yes
bc/msnbc/00/msnbc_0007,2,65,0,7,1,Yes,Alienable,No,No,Yes
bn/cnn/01/cnn_0192,0,2,0,7,2,Yes,Control,Yes,No,No
bn/cnn/01/cnn_0193,0,2,0,7,2,Yes,Control,Yes,No,No
bn/pri/00/pri_0050,0,10,1,7,3,Yes,Control,No,Yes,No
bc/phoenix/00/phoenix_0003,2,35,0,7,1,Yes,Alienable,Yes,Yes,Yes
wb/c2e/00/c2e_0009,1,29,1,7,2,Yes,Alienable,Yes,Yes,Yes
wb/c2e/00/c2e_0009,1,29,9,7,10,Yes,Alienable,Yes,Yes,Yes
mz/sinorama/10/ectb_1018,4,5,0,7,3,Yes,Control,No,Yes,No
mz/sinorama/10/ectb_1012,5,10,9,7,11,Yes,Control,No,No,Yes
mz/sinorama/10/ectb_1012,6,10,9,7,11,Yes,Control,No,No,Yes
bc/msnbc/00/msnbc_0007,11,27,11,8,12,Yes,Alienable,Yes,No,No
bc/msnbc/00/msnbc_0007,10,6,0,8,2,Yes,Control,Yes,No,No
bc/cnn/00/cnn_0006,13,41,1,8,2,Yes,Control,No,Yes,No
wb/eng/00/eng_0015,1,2,1,8,5,Yes,Alienable,Yes,No,No
bn/cnn/03/cnn_0362,0,48,3,8,4,Yes,Control,Yes,Yes,Yes
bn/cnn/04/cnn_0411,0,21,4,8,6,Yes,Alienable,Yes,Yes,Yes
nw/wsj/13/wsj_1367,0,16,0,8,1,Yes,Alienable,Yes,Yes,Yes
bn/cnn/03/cnn_0340,0,8,15,8,16,Yes,Alienable,No,Yes,No
mz/sinorama/10/ectb_1007,1,12,1,8,2,Yes,Alienable,No,No,Yes
bn/cnn/03/cnn_0393,0,8,0,8,2,Yes,Control,Yes,Yes,Yes
wb/eng/00/eng_0017,5,28,2,8,3,Yes,Alienable,Yes,Yes,Yes
nw/wsj/20/wsj_2013,0,43,1,8,2,Yes,Alienable,Yes,Yes,Yes
bn/cnn/03/cnn_0362,0,3,0,8,1,Yes,Control,Yes,Yes,Yes
tc/ch/00/ch_0019,2,52,3,8,5,Yes,Alienable,No,No,Yes
bc/cnn/00/cnn_0008,10,61,4,8,5,Yes,Control,No,Yes,No
nw/wsj/14/wsj_1435,0,30,0,9,1,Yes,Control,Yes,Yes,Yes
wb/c2e/00/c2e_0044,0,12,12,9,13,Yes,Alienable,Yes,Yes,Yes
wb/eng/00/eng_0002,0,1,1,9,2,Yes,Alienable,Yes,Yes,Yes
bn/pri/00/pri_0079,0,15,2,9,3,Yes,Alienable,Yes,No,No
mz/sinorama/10/ectb_1058,2,4,0,9,1,Yes,Control,No,Yes,No
wb/eng/00/eng_0017,3,45,0,9,1,Yes,Alienable,Yes,Yes,Yes
nw/wsj/15/wsj_1586,0,29,5,9,7,Yes,Alienable,No,No,Yes
nw/wsj/15/wsj_1591,0,13,0,9,1,Yes,Alienable,Yes,Yes,Yes
bc/cnn/00/cnn_0006,13,49,0,9,1,Yes,Control,No,Yes,No
bc/cnn/00/cnn_0001,7,24,1,9,2,Yes,Control,No,No,Yes
mz/sinorama/10/ectb_1042,9,5,1,9,3,Yes,Alienable,Yes,Yes,Yes
wb/eng/00/eng_0009,2,34,0,9,1,Yes,Alienable,No,No,Yes
wb/eng/00/eng_0010,1,56,14,9,15,Yes,Control,Yes,Yes,Yes
wb/eng/00/eng_0010,1,56,3,9,4,Yes,Control,Yes,Yes,Yes
bc/msnbc/00/msnbc_0007,10,24,3,9,5,Yes,Alienable,No,No,Yes
bc/cctv/00/cctv_0003,5,13,6,9,7,Yes,Control,No,Yes,No
nw/wsj/15/wsj_1586,0,43,7,10,8,Yes,Alienable,No,No,Yes
nw/wsj/09/wsj_0909,0,48,23,10,20,Yes,Alienable,Yes,Yes,Yes
wb/eng/00/eng_0017,4,32,0,10,2,Yes,Alienable,Yes,Yes,Yes
mz/sinorama/10/ectb_1063,3,1,7,10,8,Yes,Alienable,No,No,Yes
bc/cnn/00/cnn_0006,13,50,0,10,1,Yes,Control,No,Yes,No
wb/eng/00/eng_0003,3,24,0,10,2,Yes,Alienable,Yes,Yes,Yes
bc/msnbc/00/msnbc_0007,11,27,11,10,12,Yes,Alienable,Yes,No,No
bc/msnbc/00/msnbc_0003,15,32,7,10,8,Yes,Control,No,Yes,No
bn/pri/00/pri_0028,0,26,4,10,5,Yes,Alienable,Yes,Yes,Yes
mz/sinorama/10/ectb_1028,0,11,6,10,7,Yes,Alienable,Yes,Yes,Yes
nw/wsj/21/wsj_2112,0,56,0,10,1,Yes,Control,No,Yes,No
wb/c2e/00/c2e_0029,0,29,0,10,1,Yes,Alienable,Yes,Yes,Yes
bc/cnn/00/cnn_0003,0,37,1,10,2,Yes,Alienable,Yes,No,No
bc/msnbc/00/msnbc_0005,5,19,6,10,7,Yes,Control,No,Yes,No
bc/cnn/00/cnn_0002,6,22,4,10,5,Yes,Alienable,Yes,Yes,Yes
bc/cctv/00/cctv_0001,7,22,0,11,1,Yes,Control,No,Yes,No
bn/cnn/03/cnn_0327,0,4,13,11,15,Yes,Control,Yes,No,No
mz/sinorama/10/ectb_1063,3,9,6,11,9,Yes,Alienable,No,No,Yes
mz/sinorama/10/ectb_1048,7,7,3,11,5,Yes,Alienable,No,No,Yes
nw/wsj/15/wsj_1586,0,29,5,11,7,Yes,Alienable,No,No,Yes
mz/sinorama/10/ectb_1057,1,7,6,11,7,Yes,Alienable,Yes,Yes,Yes
bn/nbc/00/nbc_0015,0,15,6,11,8,Yes,Control,Yes,Yes,Yes
mz/sinorama/10/ectb_1007,6,8,3,11,4,Yes,Alienable,Yes,Yes,Yes
nw/wsj/24/wsj_2406,0,34,1,11,2,Yes,Alienable,Yes,Yes,Yes
nw/wsj/15/wsj_1586,0,34,0,11,1,Yes,Alienable,Yes,Yes,Yes
bn/cnn/04/cnn_0415,0,8,1,11,2,Yes,Alienable,No,No,Yes
nw/wsj/15/wsj_1572,0,12,8,11,9,Yes,Control,No,Yes,No
nw/wsj/13/wsj_1388,0,39,1,11,2,Yes,Control,No,Yes,No
mz/sinorama/10/ectb_1029,5,8,5,11,7,Yes,Alienable,No,No,Yes
wb/eng/00/eng_0010,1,56,14,11,15,Yes,Control,No,Yes,No
wb/eng/00/eng_0010,1,56,3,11,4,Yes,Control,No,Yes,No
nw/wsj/20/wsj_2013,0,42,14,12,15,Yes,Alienable,Yes,Yes,Yes
bc/cnn/00/cnn_0000,2,37,0,12,1,Yes,Alienable,Yes,Yes,Yes
bc/cnn/00/cnn_0000,2,37,2,12,4,Yes,Alienable,Yes,Yes,Yes
wb/eng/00/eng_0002,2,32,8,12,10,Yes,Alienable,Yes,Yes,Yes
mz/sinorama/10/ectb_1063,7,15,0,12,7,Yes,Alienable,No,No,Yes
mz/sinorama/10/ectb_1057,2,25,8,12,9,Yes,Alienable,Yes,Yes,Yes
nw/wsj/13/wsj_1307,0,14,9,12,10,Yes,Alienable,No,No,Yes
bc/msnbc/00/msnbc_0007,6,4,13,12,16,Yes,Control,Yes,Yes,Yes
bc/msnbc/00/msnbc_0006,0,13,1,12,5,Yes,Control,Yes,Yes,Yes
bc/msnbc/00/msnbc_0006,0,13,8,12,9,Yes,Alienable,Yes,Yes,Yes
bc/cnn/00/cnn_0006,13,50,0,12,1,Yes,Control,No,Yes,No
bn/pri/00/pri_0037,0,5,0,12,1,Yes,Alienable,Yes,Yes,Yes
wb/c2e/00/c2e_0011,0,29,0,12,1,Yes,Control,No,Yes,No
bc/msnbc/00/msnbc_0001,5,22,4,12,6,Yes,Control,No,Yes,No
wb/c2e/00/c2e_0029,0,47,3,12,4,Yes,Control,No,Yes,No
bn/voa/00/voa_0009,0,15,0,12,2,Yes,Control,Yes,No,No
bc/cnn/00/cnn_0005,11,42,7,12,8,Yes,Control,No,Yes,No
mz/sinorama/10/ectb_1064,11,1,8,12,9,Yes,Control,No,Yes,No
mz/sinorama/10/ectb_1007,7,4,7,12,8,Yes,Alienable,No,No,Yes
wb/c2e/00/c2e_0026,0,16,6,12,8,Yes,Alienable,No,No,Yes
bc/msnbc/00/msnbc_0007,11,43,7,13,10,Yes,Control,Yes,No,No
bn/cnn/02/cnn_0299,0,2,6,13,8,Yes,Control,No,Yes,No
mz/sinorama/10/ectb_1057,1,7,6,13,7,Yes,Alienable,Yes,Yes,Yes
mz/sinorama/10/ectb_1068,7,5,9,13,11,Yes,Alienable,Yes,Yes,Yes
bc/msnbc/00/msnbc_0007,7,59,10,13,11,Yes,Control,No,Yes,No
nw/wsj/15/wsj_1586,0,34,0,13,1,Yes,Alienable,Yes,Yes,Yes
wb/eng/00/eng_0002,2,19,1,13,3,Yes,Control,No,Yes,No
nw/wsj/12/wsj_1272,0,0,1,13,2,Yes,Control,No,No,Yes
wb/c2e/00/c2e_0029,1,0,8,13,9,Yes,Alienable,Yes,Yes,Yes
wb/eng/00/eng_0017,3,0,1,13,2,Yes,Alienable,Yes,Yes,Yes
wb/eng/00/eng_0017,3,4,1,14,2,Yes,Alienable,Yes,Yes,Yes
bn/abc/00/abc_0016,0,14,9,14,12,Yes,Control,Yes,Yes,Yes
bn/cnn/03/cnn_0320,0,11,8,14,9,Yes,Alienable,No,No,Yes
mz/sinorama/10/ectb_1050,2,14,3,14,11,Yes,Alienable,Yes,Yes,Yes
bn/cnn/02/cnn_0291,0,12,0,14,2,Yes,Control,No,Yes,No
nw/wsj/16/wsj_1615,0,79,8,14,9,Yes,Alienable,Yes,Yes,Yes
nw/wsj/17/wsj_1760,0,27,5,14,9,Yes,Alienable,Yes,Yes,Yes
nw/wsj/24/wsj_2402,0,31,3,14,4,Yes,Alienable,Yes,Yes,Yes
mz/sinorama/10/ectb_1005,1,17,10,14,11,Yes,Control,No,Yes,No
mz/sinorama/10/ectb_1009,5,8,11,14,12,Yes,Alienable,Yes,Yes,Yes
wb/eng/00/eng_0017,5,1,1,14,2,Yes,Alienable,Yes,Yes,Yes
wb/c2e/00/c2e_0047,0,10,0,14,3,Yes,Alienable,Yes,Yes,Yes
tc/ch/00/ch_0019,2,52,3,14,5,Yes,Alienable,No,No,Yes
mz/sinorama/10/ectb_1047,3,5,11,15,12,Yes,Alienable,No,No,Yes
mz/sinorama/10/ectb_1063,3,17,11,15,12,Yes,Alienable,No,No,Yes
bn/abc/00/abc_0035,0,9,0,15,2,Yes,Control,Yes,No,No
nw/wsj/11/wsj_1163,0,33,1,15,17,Yes,Control,Yes,Yes,Yes
nw/wsj/14/wsj_1446,0,5,4,15,7,Yes,Alienable,Yes,Yes,Yes
bc/cnn/00/cnn_0000,7,4,3,15,5,Yes,Alienable,Yes,Yes,Yes
bc/cctv/00/cctv_0000,7,5,3,15,5,Yes,Control,Yes,Yes,Yes
wb/a2e/00/a2e_0015,0,46,0,15,1,Yes,Control,No,Yes,No
bc/phoenix/00/phoenix_0002,2,60,8,15,9,Yes,Alienable,Yes,Yes,Yes
bn/pri/00/pri_0048,0,36,4,15,5,Yes,Control,No,Yes,No
bn/cnn/02/cnn_0252,0,13,0,15,1,Yes,Alienable,Yes,Yes,Yes
bn/cnn/02/cnn_0252,0,13,7,15,8,Yes,Alienable,Yes,Yes,Yes
bc/msnbc/00/msnbc_0007,10,34,10,16,13,Yes,Control,Yes,Yes,Yes
bn/pri/00/pri_0037,0,9,0,16,2,Yes,Control,No,No,Yes
bn/cnn/00/cnn_0095,0,1,19,16,21,Yes,Alienable,Yes,Yes,Yes
bc/msnbc/00/msnbc_0000,0,22,2,16,3,Yes,Alienable,Yes,Yes,Yes
mz/sinorama/10/ectb_1068,8,9,12,16,13,Yes,Alienable,No,No,Yes
nw/wsj/21/wsj_2112,0,38,11,16,12,Yes,Alienable,No,No,Yes
bn/nbc/00/nbc_0033,0,6,4,16,5,Yes,Alienable,No,No,Yes
nw/wsj/13/wsj_1367,0,20,9,16,10,Yes,Alienable,Yes,Yes,Yes
nw/wsj/13/wsj_1367,0,20,0,16,1,Yes,Control,No,Yes,No
bn/pri/00/pri_0070,0,17,0,16,2,Yes,Alienable,No,No,Yes
nw/wsj/16/wsj_1615,0,79,8,16,9,Yes,Alienable,Yes,Yes,Yes
bn/pri/00/pri_0037,0,13,1,16,5,Yes,Control,Yes,Yes,Yes
tc/ch/00/ch_0039,0,107,6,16,7,Yes,Alienable,Yes,Yes,Yes
wb/a2e/00/a2e_0030,0,8,7,17,8,Yes,Control,No,Yes,No
tc/ch/00/ch_0039,1,2,1,17,3,Yes,Alienable,No,No,Yes
mz/sinorama/10/ectb_1049,0,16,0,17,14,Yes,Alienable,Yes,Yes,Yes
nw/wsj/12/wsj_1272,0,39,8,17,9,Yes,Alienable,Yes,Yes,Yes
nw/wsj/19/wsj_1946,0,2,3,17,7,Yes,Alienable,No,No,Yes
nw/wsj/19/wsj_1947,0,3,14,18,15,Yes,Alienable,Yes,Yes,Yes
bn/nbc/00/nbc_0025,0,6,4,18,5,Yes,Control,No,No,Yes
wb/a2e/00/a2e_0028,0,15,6,18,7,Yes,Control,Yes,Yes,Yes
nw/wsj/21/wsj_2112,0,63,0,18,1,Yes,Control,Yes,No,No
nw/wsj/13/wsj_1367,0,16,0,18,1,Yes,Alienable,Yes,Yes,Yes
bc/msnbc/00/msnbc_0000,7,62,19,18,21,Yes,Alienable,Yes,Yes,Yes
wb/c2e/00/c2e_0047,0,34,3,18,4,Yes,Alienable,Yes,Yes,Yes
bn/cnn/03/cnn_0351,0,1,14,18,15,Yes,Alienable,Yes,No,No
mz/sinorama/10/ectb_1022,4,3,3,18,4,Yes,Control,No,No,Yes
bn/pri/00/pri_0053,0,20,14,18,15,Yes,Control,No,Yes,No
bn/pri/00/pri_0053,0,20,0,18,1,Yes,Control,No,No,Yes
bn/pri/00/pri_0053,0,20,20,18,21,Yes,Control,No,No,Yes
bc/cctv/00/cctv_0001,7,22,0,19,1,Yes,Control,No,Yes,No
nw/wsj/13/wsj_1367,0,14,2,19,3,Yes,Alienable,Yes,Yes,Yes
bn/cnn/00/cnn_0015,0,16,9,19,10,Yes,Alienable,Yes,Yes,Yes
mz/sinorama/10/ectb_1007,7,9,24,19,26,Yes,Alienable,Yes,Yes,Yes
mz/sinorama/10/ectb_1018,4,11,10,19,12,Yes,Alienable,Yes,Yes,Yes
nw/wsj/24/wsj_2402,0,31,3,19,4,Yes,Alienable,Yes,Yes,Yes
nw/wsj/00/wsj_0089,0,46,1,19,2,Yes,Control,Yes,Yes,Yes
bc/cnn/00/cnn_0000,2,21,10,19,11,Yes,Control,No,Yes,No
bn/cnn/03/cnn_0362,0,3,0,20,1,Yes,Control,Yes,No,No
bn/abc/00/abc_0066,0,6,5,20,7,Yes,Alienable,Yes,Yes,Yes
bn/cnn/03/cnn_0340,0,8,15,20,16,Yes,Alienable,Yes,Yes,Yes
wb/c2e/00/c2e_0044,0,12,12,20,13,Yes,Alienable,Yes,Yes,Yes
bn/cnn/03/cnn_0360,0,13,0,20,2,Yes,Control,No,Yes,No
bn/cnn/02/cnn_0219,0,25,1,20,2,Yes,Alienable,Yes,Yes,Yes
wb/a2e/00/a2e_0030,0,8,7,20,8,Yes,Control,No,Yes,No
wb/c2e/00/c2e_0044,0,11,18,21,19,Yes,Alienable,Yes,Yes,Yes
wb/c2e/00/c2e_0026,0,16,6,21,8,Yes,Alienable,No,No,Yes
bn/pri/01/pri_0106,0,20,0,21,3,Yes,Control,Yes,Yes,Yes
bn/voa/02/voa_0209,0,2,1,21,2,Yes,Control,No,No,Yes
bn/cnn/00/cnn_0025,0,16,16,21,19,Yes,Control,Yes,Yes,Yes
bc/phoenix/00/phoenix_0002,2,60,17,21,18,Yes,Alienable,Yes,Yes,Yes
bn/pri/00/pri_0037,0,13,1,21,5,Yes,Control,Yes,Yes,Yes
mz/sinorama/10/ectb_1029,5,8,5,21,7,Yes,Alienable,No,No,Yes
nw/wsj/07/wsj_0725,0,96,13,22,15,Yes,Alienable,Yes,Yes,Yes
bc/phoenix/00/phoenix_0000,4,41,3,22,6,Yes,Alienable,Yes,Yes,Yes
mz/sinorama/10/ectb_1048,3,10,1,22,14,Yes,Control,Yes,No,No
bn/nbc/00/nbc_0033,0,7,17,22,18,Yes,Control,No,Yes,No
mz/sinorama/10/ectb_1007,7,9,24,22,26,Yes,Alienable,Yes,No,No
nw/wsj/15/wsj_1555,0,7,11,22,12,Yes,Alienable,Yes,Yes,Yes
nw/wsj/15/wsj_1555,0,7,18,22,20,Yes,Alienable,Yes,Yes,Yes
wb/c2e/00/c2e_0046,0,11,0,22,2,Yes,Control,No,No,Yes
wb/c2e/00/c2e_0029,0,12,16,22,20,Yes,Control,No,Yes,No
bc/phoenix/00/phoenix_0002,2,60,17,22,18,Yes,Alienable,Yes,Yes,Yes
mz/sinorama/10/ectb_1019,1,16,11,22,12,Yes,Alienable,Yes,Yes,Yes
bc/msnbc/00/msnbc_0007,6,2,18,22,19,Yes,Alienable,No,No,Yes
nw/wsj/13/wsj_1317,0,37,12,22,13,Yes,Control,No,Yes,No
nw/wsj/11/wsj_1128,0,43,0,22,2,Yes,Alienable,No,No,Yes
bn/pri/00/pri_0038,0,15,3,23,4,Yes,Control,No,Yes,No
mz/sinorama/10/ectb_1018,6,24,0,23,13,Yes,Alienable,Yes,Yes,Yes
bn/pri/00/pri_0037,0,13,1,23,5,Yes,Control,Yes,Yes,Yes
bc/msnbc/00/msnbc_0004,4,14,18,23,19,Yes,Alienable,Yes,Yes,Yes
mz/sinorama/10/ectb_1078,2,23,17,23,18,Yes,Control,No,Yes,No
wb/eng/00/eng_0017,0,50,6,23,7,Yes,Alienable,Yes,Yes,Yes
bc/cnn/00/cnn_0008,15,3,18,23,19,Yes,Control,No,Yes,No
wb/eng/00/eng_0015,2,8,8,24,9,Yes,Alienable,Yes,Yes,Yes
bc/msnbc/00/msnbc_0001,5,25,16,24,19,Yes,Alienable,Yes,Yes,Yes
mz/sinorama/10/ectb_1066,1,2,15,24,17,Yes,Alienable,No,No,Yes
wb/eng/00/eng_0010,2,39,19,24,20,Yes,Alienable,No,No,Yes
wb/eng/00/eng_0010,2,39,16,24,17,Yes,Alienable,No,No,Yes
nw/wsj/12/wsj_1272,0,5,26,24,27,Yes,Control,No,Yes,No
nw/wsj/21/wsj_2112,0,38,11,24,12,Yes,Alienable,No,No,Yes
mz/sinorama/10/ectb_1063,1,7,0,25,1,Yes,Alienable,No,No,Yes
mz/sinorama/10/ectb_1063,1,7,19,25,20,Yes,Alienable,No,No,Yes
mz/sinorama/10/ectb_1063,5,4,21,25,22,Yes,Alienable,No,No,Yes
wb/a2e/00/a2e_0015,0,35,20,25,22,Yes,Alienable,Yes,Yes,Yes
bn/cnn/01/cnn_0152,0,11,0,25,2,Yes,Control,Yes,Yes,Yes
bn/cnn/04/cnn_0415,0,33,9,25,10,Yes,Alienable,Yes,Yes,Yes
mz/sinorama/10/ectb_1063,0,9,20,25,21,Yes,Control,No,Yes,No
mz/sinorama/10/ectb_1063,0,9,3,25,18,Yes,Alienable,Yes,Yes,Yes
bn/cnn/04/cnn_0408,0,19,13,25,14,Yes,Control,No,No,Yes
bn/cnn/04/cnn_0408,0,19,21,25,22,Yes,Control,No,Yes,No
nw/wsj/21/wsj_2112,0,38,11,26,12,Yes,Alienable,No,No,Yes
bc/msnbc/00/msnbc_0001,5,25,16,26,19,Yes,Alienable,Yes,Yes,Yes
bc/cnn/00/cnn_0000,14,11,2,26,14,Yes,Control,Yes,Yes,Yes
mz/sinorama/10/ectb_1017,5,8,20,26,23,Yes,Control,Yes,No,No
nw/xinhua/01/chtb_0193,0,14,0,27,7,Yes,Alienable,Yes,No,No
wb/c2e/00/c2e_0026,0,16,6,27,8,Yes,Alienable,No,No,Yes
nw/wsj/15/wsj_1550,0,43,11,27,12,Yes,Control,No,Yes,No
mz/sinorama/10/ectb_1063,5,8,3,28,18,Yes,Alienable,Yes,Yes,Yes
mz/sinorama/10/ectb_1048,7,7,3,28,5,Yes,Control,No,Yes,No
mz/sinorama/10/ectb_1048,7,7,25,28,26,Yes,Control,No,Yes,No
nw/wsj/21/wsj_2112,0,50,9,28,11,Yes,Alienable,Yes,Yes,Yes
bn/abc/00/abc_0013,0,14,0,29,2,Yes,Control,Yes,Yes,Yes
mz/sinorama/10/ectb_1003,5,11,15,29,17,Yes,Control,No,Yes,No
nw/wsj/12/wsj_1272,0,5,26,29,27,Yes,Control,No,Yes,No
wb/eng/00/eng_0017,3,0,1,29,2,Yes,Alienable,Yes,Yes,Yes
mz/sinorama/10/ectb_1067,1,18,18,29,19,Yes,Control,No,Yes,No
bc/cctv/00/cctv_0001,7,22,0,30,1,Yes,Control,No,Yes,No
bn/nbc/00/nbc_0015,0,15,20,30,23,Yes,Control,Yes,Yes,Yes
nw/wsj/24/wsj_2446,0,17,22,30,26,Yes,Control,No,Yes,No
nw/wsj/12/wsj_1272,0,7,23,30,26,Yes,Control,No,Yes,No
nw/wsj/12/wsj_1272,0,7,19,30,20,Yes,Control,No,No,Yes
bc/msnbc/00/msnbc_0001,5,25,16,30,19,Yes,Alienable,Yes,Yes,Yes
wb/eng/00/eng_0017,3,4,1,31,2,Yes,Alienable,Yes,Yes,Yes
wb/eng/00/eng_0017,3,4,22,31,24,Yes,Alienable,Yes,Yes,Yes
nw/wsj/24/wsj_2402,0,26,0,31,1,Yes,Alienable,Yes,Yes,Yes
wb/eng/00/eng_0017,4,52,19,31,20,Yes,Alienable,Yes,Yes,Yes
wb/a2e/00/a2e_0020,0,18,4,31,5,Yes,Control,No,No,Yes
nw/wsj/24/wsj_2402,0,33,9,31,10,Yes,Alienable,Yes,Yes,Yes
nw/wsj/24/wsj_2402,0,33,0,31,1,Yes,Alienable,Yes,Yes,Yes
mz/sinorama/10/ectb_1048,7,7,3,32,5,Yes,Control,Yes,No,No
mz/sinorama/10/ectb_1048,7,7,25,32,26,Yes,Control,No,Yes,No
nw/xinhua/01/chtb_0193,0,14,0,32,7,Yes,Alienable,Yes,No,No
bc/cnn/00/cnn_0006,13,43,19,33,20,Yes,Control,No,Yes,No
bc/cnn/00/cnn_0006,13,43,10,33,11,Yes,Control,Yes,Yes,Yes
mz/sinorama/10/ectb_1063,6,1,6,33,7,Yes,Alienable,Yes,Yes,Yes
nw/wsj/13/wsj_1376,0,13,30,34,32,Yes,Alienable,Yes,Yes,Yes
mz/sinorama/10/ectb_1064,6,19,22,34,23,Yes,Control,No,Yes,No
mz/sinorama/10/ectb_1064,6,19,6,34,7,Yes,Control,No,Yes,No
mz/sinorama/10/ectb_1043,1,14,30,34,33,Yes,Alienable,No,No,Yes
mz/sinorama/10/ectb_1007,6,32,18,34,19,Yes,Control,No,No,Yes
bn/cnn/03/cnn_0327,0,4,13,34,15,Yes,Control,No,No,Yes
bn/cnn/03/cnn_0360,0,24,7,35,9,Yes,Control,No,No,Yes
wb/eng/00/eng_0017,3,0,1,35,2,Yes,Alienable,Yes,Yes,Yes
mz/sinorama/10/ectb_1019,1,12,18,36,21,Yes,Alienable,Yes,Yes,Yes
bn/cnn/03/cnn_0327,0,2,6,37,8,Yes,Alienable,Yes,Yes,Yes
wb/c2e/00/c2e_0029,0,38,40,37,43,Yes,Control,No,No,Yes
mz/sinorama/10/ectb_1048,7,7,3,39,5,Yes,Alienable,No,No,Yes
mz/sinorama/10/ectb_1048,7,7,25,39,26,Yes,Control,No,Yes,No
nw/wsj/15/wsj_1550,0,43,11,39,12,Yes,Control,Yes,Yes,Yes
nw/wsj/15/wsj_1568,0,51,34,40,35,Yes,Alienable,No,No,Yes
nw/wsj/15/wsj_1568,0,51,28,40,29,Yes,Alienable,No,No,Yes
nw/wsj/15/wsj_1568,0,51,9,40,10,Yes,Alienable,Yes,Yes,Yes
mz/sinorama/10/ectb_1017,5,1,28,40,30,Yes,Control,No,No,Yes
mz/sinorama/10/ectb_1017,5,1,10,40,11,Yes,Alienable,Yes,Yes,Yes
bn/cnn/03/cnn_0327,0,4,13,40,15,Yes,Control,No,No,Yes
mz/sinorama/10/ectb_1003,3,13,2,41,5,Yes,Alienable,No,No,Yes
mz/sinorama/10/ectb_1064,6,19,22,42,23,Yes,Control,No,Yes,No
mz/sinorama/10/ectb_1064,6,19,6,42,7,Yes,Control,No,Yes,No
nw/wsj/24/wsj_2402,0,26,0,45,1,Yes,Alienable,Yes,Yes,Yes
nw/wsj/21/wsj_2112,0,30,0,47,1,Yes,Control,No,No,Yes
nw/wsj/21/wsj_2112,0,38,11,48,12,Yes,Alienable,No,No,Yes
bn/cnn/03/cnn_0360,0,24,7,50,9,Yes,Alienable,Yes,Yes,Yes
nw/wsj/21/wsj_2112,0,38,11,50,12,Yes,Alienable,No,No,Yes
nw/wsj/24/wsj_2402,0,26,0,51,1,Yes,Alienable,Yes,Yes,Yes
bn/cnn/03/cnn_0337,0,17,47,52,48,Yes,Control,No,Yes,No
wb/eng/00/eng_0017,3,0,1,53,2,Yes,Alienable,Yes,Yes,Yes
bn/pri/00/pri_0083,0,16,14,62,15,Yes,Control,No,Yes,No
wb/a2e/00/a2e_0032,0,8,64,68,65,Yes,Control,No,Yes,No
mz/sinorama/10/ectb_1066,1,2,69,76,71,Yes,Alienable,No,No,Yes
wb/a2e/00/a2e_0009,1,25,2,9,3,Unknown,,,,
wb/a2e/00/a2e_0015,0,33,0,11,1,Unknown,,,,
mz/sinorama/10/ectb_1063,1,7,0,25,1,Unknown,,,,
nw/wsj/13/wsj_1377,0,62,8,12,10,Unknown,,,,
mz/sinorama/10/ectb_1003,7,13,13,30,14,Unknown,,,,
wb/eng/00/eng_0006,1,21,18,13,19,Unknown,,,,
bc/cnn/00/cnn_0006,9,44,6,4,9,Unknown,,,,
bc/msnbc/00/msnbc_0000,8,31,0,7,1,Unknown,,,,
mz/sinorama/10/ectb_1009,5,7,0,6,2,Unknown,,,,
wb/a2e/00/a2e_0009,0,30,18,20,19,Unknown,,,,
bn/nbc/00/nbc_0031,0,22,5,2,8,Unknown,,,,
wb/eng/00/eng_0002,1,36,7,14,9,Unknown,,,,
wb/a2e/00/a2e_0005,0,20,5,9,6,Unknown,,,,
mz/sinorama/10/ectb_1018,7,17,0,16,5,Unknown,,,,
wb/eng/00/eng_0001,1,23,10,15,11,Unknown,,,,
bc/cctv/00/cctv_0002,0,0,0,3,1,Unknown,,,,
wb/a2e/00/a2e_0009,0,32,4,11,5,Unknown,,,,
bc/cnn/00/cnn_0008,1,2,21,23,22,Unknown,,,,
bc/msnbc/00/msnbc_0005,4,34,5,7,6,Unknown,,,,
nw/wsj/14/wsj_1453,0,6,8,13,10,Unknown,,,,
nw/wsj/05/wsj_0515,0,17,1,8,2,Unknown,,,,
mz/sinorama/10/ectb_1029,4,2,55,35,56,Unknown,,,,
wb/eng/00/eng_0001,0,51,10,15,12,Unknown,,,,
wb/eng/00/eng_0001,0,51,10,17,12,Unknown,,,,
mz/sinorama/10/ectb_1052,1,23,35,40,36,Unknown,,,,
wb/eng/00/eng_0010,2,49,0,10,3,Unknown,,,,
nw/wsj/12/wsj_1274,0,6,0,15,2,Unknown,,,,
bc/phoenix/00/phoenix_0001,6,10,0,15,1,Unknown,,,,
bn/pri/01/pri_0106,0,21,0,13,2,Unknown,,,,
nw/wsj/21/wsj_2112,0,63,3,18,5,Unknown,,,,
bc/cnn/00/cnn_0000,14,22,8,7,9,Unknown,,,,
bn/pri/00/pri_0038,0,38,0,37,4,Unknown,,,,
mz/sinorama/10/ectb_1069,3,14,1,9,2,Unknown,,,,
wb/a2e/00/a2e_0009,2,3,0,16,3,Unknown,,,,
mz/sinorama/10/ectb_1064,10,5,19,24,20,Unknown,,,,
wb/eng/00/eng_0009,0,54,0,3,1,Unknown,,,,
bc/msnbc/00/msnbc_0007,11,42,18,29,19,Unknown,,,,
bc/msnbc/00/msnbc_0007,11,42,18,54,19,Unknown,,,,
bc/msnbc/00/msnbc_0007,11,42,25,29,26,Unknown,,,,
bc/msnbc/00/msnbc_0007,11,42,25,54,26,Unknown,,,,
bc/msnbc/00/msnbc_0007,11,42,39,54,40,Unknown,,,,
bc/cctv/00/cctv_0003,7,13,4,13,6,Unknown,,,,
mz/sinorama/10/ectb_1021,2,20,7,12,8,Unknown,,,,
wb/eng/00/eng_0010,1,35,4,10,6,Unknown,,,,
mz/sinorama/10/ectb_1003,0,10,0,5,2,Unknown,,,,
nw/wsj/13/wsj_1376,0,35,20,29,21,Unknown,,,,
bn/pri/00/pri_0035,0,29,57,59,58,Unknown,,,,
bn/cnn/03/cnn_0360,0,24,7,11,9,Unknown,,,,
mz/sinorama/10/ectb_1054,0,3,5,10,7,Unknown,,,,
nw/wsj/11/wsj_1146,0,173,1,6,2,Unknown,,,,
nw/wsj/17/wsj_1705,0,34,1,4,2,Unknown,,,,
bc/msnbc/00/msnbc_0005,10,11,0,8,2,Unknown,,,,
bc/phoenix/00/phoenix_0000,0,14,1,4,2,Unknown,,,,
bn/pri/00/pri_0073,0,18,6,17,9,Unknown,,,,
bn/pri/00/pri_0073,0,18,6,21,9,Unknown,,,,
bn/abc/00/abc_0001,0,17,10,16,13,Unknown,,,,
bn/abc/00/abc_0001,0,17,0,16,3,Unknown,,,,
bn/pri/00/pri_0050,0,18,0,9,3,Never,,,,
nw/wsj/09/wsj_0956,0,5,1,22,3,Never,,,,
wb/eng/00/eng_0017,3,3,18,27,19,Never,,,,
wb/a2e/00/a2e_0029,0,20,0,24,1,Never,,,,
bc/msnbc/00/msnbc_0007,10,26,5,76,7,Never,,,,
nw/xinhua/03/chtb_0301,0,8,31,46,33,Never,,,,
wb/a2e/00/a2e_0009,0,30,14,20,15,Never,,,,
bn/cnn/02/cnn_0205,0,0,0,15,1,Never,,,,
bn/voa/01/voa_0160,0,0,1,5,2,Never,,,,
bn/cnn/02/cnn_0201,0,9,7,28,8,Never,,,,
nw/xinhua/03/chtb_0301,0,8,2,46,3,Never,,,,
bn/cnn/02/cnn_0201,0,9,3,28,5,Never,,,,
bc/cnn/00/cnn_0000,12,44,0,5,2,Never,,,,
bc/cnn/00/cnn_0000,12,43,0,17,1,Never,,,,
bc/msnbc/00/msnbc_0007,10,26,32,76,34,Never,,,,
bn/cnn/03/cnn_0305,0,15,33,57,34,Never,,,,
bc/msnbc/00/msnbc_0005,5,10,8,10,9,Never,,,,
wb/a2e/00/a2e_0009,0,17,2,20,3,Never,,,,
wb/a2e/00/a2e_0009,0,33,3,7,5,Never,,,,
bc/msnbc/00/msnbc_0007,11,42,1,29,2,Never,,,,
bc/msnbc/00/msnbc_0007,11,42,1,54,2,Never,,,,
bn/cnn/03/cnn_0305,0,15,0,57,2,Never,,,,
wb/a2e/00/a2e_0022,0,8,0,17,2,Never,,,,
bn/cnn/02/cnn_0255,0,18,12,7,13,Never,,,,
bc/msnbc/00/msnbc_0007,6,32,2,34,3,Never,,,,
bc/msnbc/00/msnbc_0007,10,7,0,16,1,Never,,,,
bc/msnbc/00/msnbc_0007,11,41,1,23,3,Never,,,,
mz/sinorama/10/ectb_1012,1,19,3,12,4,Never,,,,
bc/msnbc/00/msnbc_0007,6,21,21,12,28,Never,,,,
nw/xinhua/03/chtb_0301,0,3,0,10,1,Never,,,,
bc/cnn/00/cnn_0000,12,43,7,17,8,Never,,,,
bc/msnbc/00/msnbc_0005,4,33,1,11,3,Never,,,,
bc/msnbc/00/msnbc_0005,4,33,1,22,3,Never,,,,
bn/cnn/03/cnn_0305,0,15,50,57,51,Never,,,,
bn/cnn/02/cnn_0255,0,18,1,7,2,Never,,,,
wb/eng/00/eng_0016,2,5,15,53,17,Never,,,,
wb/eng/00/eng_0000,4,27,0,24,3,Never,,,,
bc/cnn/00/cnn_0005,12,19,1,12,2,Never,,,,
bc/cnn/00/cnn_0005,12,19,1,21,2,Never,,,,
bn/cnn/03/cnn_0339,0,16,12,18,15,Never,,,,
bc/msnbc/00/msnbc_0005,3,11,11,32,12,Never,,,,
wb/a2e/00/a2e_0007,0,36,23,33,24,Never,,,,
wb/eng/00/eng_0017,3,5,14,31,15,Never,,,,
wb/eng/00/eng_0017,3,4,27,31,28,Never,,,,
bn/voa/00/voa_0033,0,1,1,23,6,Never,,,,
mz/sinorama/10/ectb_1035,0,7,17,9,19,Never,,,,
mz/sinorama/10/ectb_1035,0,7,1,9,2,Never,,,,
bn/cnn/02/cnn_0251,0,5,4,18,5,Never,,,,
wb/a2e/00/a2e_0025,1,1,0,17,1,Never,,,,
bc/cnn/00/cnn_0001,15,41,1,4,3,Never,,,,
wb/eng/00/eng_0015,3,35,9,13,10,Never,,,,
bn/voa/00/voa_0096,0,2,0,8,1,Never,,,,
wb/eng/00/eng_0015,2,8,8,17,9,Never,,,,
nw/wsj/23/wsj_2358,0,23,37,16,38,Never,,,,
bn/cnn/02/cnn_0255,0,9,0,17,1,Never,,,,
bc/msnbc/00/msnbc_0006,2,26,0,7,3,Never,,,,
mz/sinorama/10/ectb_1003,1,6,64,7,58,Never,,,,
nw/wsj/20/wsj_2052,0,37,2,29,8,Never,,,,
nw/wsj/24/wsj_2407,0,6,15,14,18,Never,,,,
nw/wsj/24/wsj_2407,0,6,2,14,4,Never,,,,
nw/wsj/20/wsj_2013,0,43,32,5,30,Never,,,,
bc/cnn/00/cnn_0001,2,13,7,12,8,Never,,,,
bn/pri/00/pri_0073,0,18,6,23,9,Never,,,,
mz/sinorama/10/ectb_1007,7,8,0,10,1,Never,,,,
bn/cnn/04/cnn_0416,0,6,0,15,5,Never,,,,
bn/cnn/04/cnn_0416,0,6,0,80,5,Never,,,,
nw/wsj/09/wsj_0956,0,5,1,16,3,Never,,,,
wb/eng/00/eng_0017,0,26,13,21,14,Never,,,,
nw/wsj/07/wsj_0725,0,123,1,7,2,Never,,,,
nw/wsj/09/wsj_0956,0,5,1,12,3,Never,,,,
bc/cnn/00/cnn_0006,9,45,0,14,1,Never,,,,
bc/cnn/00/cnn_0006,9,14,0,14,2,Never,,,,
wb/eng/00/eng_0003,1,26,0,5,3,Never,,,,
nw/xinhua/02/chtb_0262,0,8,4,73,6,Never,,,,
mz/sinorama/10/ectb_1001,10,1,2,18,11,Never,,,,
bn/pri/00/pri_0073,0,18,6,17,9,Never,,,,
nw/xinhua/01/chtb_0142,0,27,1,10,2,Never,,,,
nw/wsj/02/wsj_0242,0,12,2,28,15,Never,,,,
nw/wsj/02/wsj_0242,0,12,2,41,15,Never,,,,
nw/wsj/02/wsj_0242,0,26,14,7,11,Never,,,,
bn/cnn/03/cnn_0335,0,16,4,11,5,Never,,,,
bn/voa/00/voa_0009,0,14,3,20,5,Never,,,,
bn/voa/00/voa_0009,0,14,3,25,5,Never,,,,
bn/voa/00/voa_0009,0,14,3,29,5,Never,,,,
mz/sinorama/10/ectb_1057,4,4,3,33,18,Never,,,,
bn/cnn/02/cnn_0268,0,13,0,8,1,Never,,,,
bn/cnn/00/cnn_0008,0,4,0,11,1,Never,,,,
bn/abc/00/abc_0016,0,14,2,14,4,Never,,,,
bn/pri/00/pri_0073,0,18,6,14,9,Never,,,,
bc/cnn/00/cnn_0002,8,23,0,4,1,Never,,,,
bn/voa/00/voa_0066,0,0,11,61,37,Never,,,,
bn/pri/00/pri_0038,0,38,0,24,4,Never,,,,
bn/mnb/00/mnb_0004,0,6,0,2,1,Never,,,,
mz/sinorama/10/ectb_1003,1,6,64,35,58,Never,,,,
wb/eng/00/eng_0017,1,24,7,13,8,Never,,,,
wb/eng/00/eng_0017,1,24,7,15,8,Never,,,,
nw/wsj/13/wsj_1376,0,13,1,34,3,Never,,,,
mz/sinorama/10/ectb_1018,5,25,0,20,2,Never,,,,
nw/wsj/06/wsj_0633,0,57,14,26,15,Never,,,,
nw/wsj/23/wsj_2367,0,11,6,16,9,Never,,,,
bn/cnn/03/cnn_0335,0,28,1,23,2,Never,,,,
bn/cnn/03/cnn_0386,0,6,0,22,11,Never,,,,
bn/cnn/03/cnn_0386,0,6,9,22,11,Never,,,,
bn/pri/00/pri_0073,0,18,6,21,9,Never,,,,
bn/cnn/03/cnn_0314,0,4,0,14,1,Never,,,,
bn/cnn/02/cnn_0201,0,9,7,46,8,Never,,,,
bn/cnn/02/cnn_0201,0,9,3,46,5,Never,,,,
nw/wsj/21/wsj_2112,0,19,1,14,3,Never,,,,
bn/cnn/02/cnn_0286,0,3,0,18,1,Never,,,,
bn/cnn/03/cnn_0361,0,1,3,10,5,Never,,,,
nw/wsj/21/wsj_2112,0,58,4,17,5,Never,,,,
bn/cnn/03/cnn_0360,0,19,0,9,2,Never,,,,
bn/cnn/04/cnn_0408,0,29,24,37,25,Never,,,,
bn/abc/00/abc_0050,0,1,4,12,5,Never,,,,
bn/abc/00/abc_0050,0,1,4,31,5,Never,,,,
bn/cnn/01/cnn_0166,0,1,2,16,3,Never,,,,
mz/sinorama/10/ectb_1063,3,21,0,21,2,Never,,,,
mz/sinorama/10/ectb_1063,3,21,11,21,12,Never,,,,
mz/sinorama/10/ectb_1063,3,8,3,11,4,Never,,,,
mz/sinorama/10/ectb_1063,3,8,6,11,8,Never,,,,
mz/sinorama/10/ectb_1063,3,21,0,7,2,Never,,,,
mz/sinorama/10/ectb_1063,5,8,20,28,22,Never,,,,
mz/sinorama/10/ectb_1063,3,18,3,8,4,Never,,,,
mz/sinorama/10/ectb_1020,0,9,9,5,10,Never,,,,
wb/eng/00/eng_0015,4,4,12,23,13,Never,,,,
bn/cnn/03/cnn_0305,0,15,33,67,34,Never,,,,
bn/cnn/03/cnn_0305,0,15,0,67,2,Never,,,,
bn/cnn/03/cnn_0305,0,15,50,67,51,Never,,,,
bn/cnn/02/cnn_0251,0,5,4,20,5,Never,,,,
bc/cnn/00/cnn_0006,13,48,2,12,3,Never,,,,
bn/cnn/03/cnn_0358,0,21,0,4,1,Never,,,,
nw/wsj/11/wsj_1174,0,28,1,36,14,Never,,,,
wb/eng/00/eng_0004,0,2,31,44,33,Never,,,,
wb/c2e/00/c2e_0038,0,8,5,21,9,Never,,,,
wb/a2e/00/a2e_0024,1,6,15,50,16,Never,,,,
bc/cnn/00/cnn_0000,2,8,0,13,2,Never,,,,
wb/a2e/00/a2e_0024,1,6,32,50,33,Never,,,,
wb/eng/00/eng_0017,4,53,0,3,1,Never,,,,
bn/cnn/03/cnn_0332,0,8,13,27,14,Never,,,,
bn/cnn/02/cnn_0258,0,5,8,12,10,Never,,,,
bn/cnn/04/cnn_0416,0,6,0,92,5,Never,,,,
bn/voa/00/voa_0043,0,0,1,30,7,Never,,,,
bn/cnn/02/cnn_0278,0,29,0,5,1,Never,,,,
wb/eng/00/eng_0000,1,27,9,16,12,Never,,,,
bn/cnn/00/cnn_0089,0,6,0,3,1,Never,,,,
bc/msnbc/00/msnbc_0006,8,57,1,10,4,Never,,,,
bn/voa/02/voa_0241,0,6,1,18,2,Never,,,,
bc/cnn/00/cnn_0000,2,56,3,30,5,Never,,,,
nw/wsj/20/wsj_2013,0,117,5,32,6,Never,,,,
mz/sinorama/10/ectb_1054,1,15,0,10,1,Never,,,,
wb/eng/00/eng_0009,5,59,3,15,4,Never,,,,
mz/sinorama/10/ectb_1036,9,11,7,26,8,Never,,,,
nw/wsj/23/wsj_2358,0,23,37,15,38,Never,,,,
mz/sinorama/10/ectb_1012,4,7,3,32,4,Never,,,,
bc/msnbc/00/msnbc_0007,10,26,5,79,7,Never,,,,
nw/wsj/20/wsj_2052,0,18,7,24,9,Never,,,,
bn/cnn/02/cnn_0278,0,35,0,26,1,Never,,,,
bn/cnn/03/cnn_0314,0,1,0,5,1,Never,,,,
bc/msnbc/00/msnbc_0007,10,26,32,79,34,Never,,,,
mz/sinorama/10/ectb_1012,1,22,18,27,20,Never,,,,
mz/sinorama/10/ectb_1012,1,19,3,27,4,Never,,,,
mz/sinorama/10/ectb_1012,1,19,3,31,4,Never,,,,
mz/sinorama/10/ectb_1012,4,2,3,16,4,Never,,,,
mz/sinorama/10/ectb_1012,3,3,20,8,21,Never,,,,
mz/sinorama/10/ectb_1012,0,19,0,11,1,Never,,,,
bc/msnbc/00/msnbc_0007,10,26,5,14,7,Never,,,,
mz/sinorama/10/ectb_1008,3,4,5,51,12,Never,,,,
bc/msnbc/00/msnbc_0007,9,32,1,5,3,Never,,,,
bc/msnbc/00/msnbc_0007,10,26,32,14,34,Never,,,,
bc/msnbc/00/msnbc_0007,4,11,0,15,2,Never,,,,
bc/msnbc/00/msnbc_0007,5,19,0,20,1,Never,,,,
bc/msnbc/00/msnbc_0007,8,37,6,28,8,Never,,,,
bc/msnbc/00/msnbc_0007,9,3,26,11,27,Never,,,,
mz/sinorama/10/ectb_1012,3,3,20,29,21,Never,,,,
wb/eng/00/eng_0016,3,10,16,10,18,Never,,,,
bc/msnbc/00/msnbc_0007,9,0,13,18,14,Never,,,,
bc/msnbc/00/msnbc_0007,7,61,9,20,11,Never,,,,
nw/wsj/24/wsj_2402,0,47,0,17,1,Never,,,,
bc/cnn/00/cnn_0008,4,20,13,21,16,Never,,,,
bn/cnn/02/cnn_0255,0,9,0,8,1,Never,,,,
nw/wsj/10/wsj_1004,0,20,0,4,2,Never,,,,
wb/eng/00/eng_0009,0,25,5,19,7,Never,,,,
bn/abc/00/abc_0015,0,19,0,6,1,Never,,,,
bc/cnn/00/cnn_0006,9,45,0,8,1,Never,,,,
mz/sinorama/10/ectb_1035,0,3,3,24,6,Never,,,,
mz/sinorama/10/ectb_1035,0,3,18,24,21,Never,,,,
nw/wsj/11/wsj_1146,0,143,1,6,4,Never,,,,
bn/cnn/03/cnn_0305,0,13,0,17,1,Never,,,,
bn/pri/00/pri_0027,0,36,16,22,17,Never,,,,
nw/wsj/23/wsj_2326,0,2,0,13,1,Never,,,,
bn/pri/00/pri_0070,0,8,10,42,11,Never,,,,
wb/eng/00/eng_0011,1,6,13,5,15,Never,,,,
nw/xinhua/02/chtb_0262,0,8,4,95,6,Never,,,,
mz/sinorama/10/ectb_1018,8,2,3,38,4,Never,,,,
bc/msnbc/00/msnbc_0007,8,37,6,23,8,Never,,,,
bc/msnbc/00/msnbc_0007,7,59,10,16,11,Never,,,,
tc/ch/00/ch_0019,1,16,0,9,2,Never,,,,
tc/ch/00/ch_0019,1,17,11,32,12,Never,,,,
mz/sinorama/10/ectb_1054,1,15,0,16,1,Never,,,,
tc/ch/00/ch_0019,1,17,34,32,35,Never,,,,
tc/ch/00/ch_0019,1,20,19,9,20,Never,,,,
tc/ch/00/ch_0019,1,17,22,32,23,Never,,,,
bn/pri/00/pri_0094,0,19,27,43,28,Never,,,,
bn/voa/02/voa_0233,0,1,28,40,29,Never,,,,
mz/sinorama/10/ectb_1018,3,8,1,20,0,Never,,,,
nw/wsj/23/wsj_2367,0,11,6,12,9,Never,,,,
mz/sinorama/10/ectb_1066,1,2,2,24,4,Never,,,,
mz/sinorama/10/ectb_1066,1,2,2,76,4,Never,,,,
bc/msnbc/00/msnbc_0002,1,26,9,16,10,Never,,,,
mz/sinorama/10/ectb_1057,3,14,3,15,4,Never,,,,
nw/wsj/14/wsj_1421,0,21,22,14,23,Never,,,,
mz/sinorama/10/ectb_1036,9,11,7,30,8,Never,,,,
bn/cnn/03/cnn_0339,0,27,15,18,16,Never,,,,
bn/cnn/00/cnn_0008,0,4,0,13,1,Never,,,,
nw/wsj/13/wsj_1367,0,3,7,17,8,Never,,,,
bn/cnn/03/cnn_0305,0,13,0,18,1,Never,,,,
bc/cnn/00/cnn_0000,12,44,0,3,2,Never,,,,
bc/msnbc/00/msnbc_0004,21,30,6,21,8,Never,,,,
bc/msnbc/00/msnbc_0007,7,61,9,18,11,Never,,,,
mz/sinorama/10/ectb_1041,0,7,5,20,6,Never,,,,
bn/cnn/03/cnn_0305,0,15,33,70,34,Never,,,,
bn/cnn/03/cnn_0305,0,15,0,70,2,Never,,,,
wb/c2e/00/c2e_0026,1,25,15,33,17,Never,,,,
bn/cnn/03/cnn_0305,0,15,50,70,51,Never,,,,
bn/cnn/03/cnn_0305,0,15,33,62,34,Never,,,,
bn/cnn/03/cnn_0305,0,15,0,62,2,Never,,,,
bn/cnn/03/cnn_0305,0,15,50,62,51,Never,,,,
bn/pri/01/pri_0106,0,20,0,11,3,Never,,,,
wb/a2e/00/a2e_0015,0,35,6,25,7,Never,,,,
wb/a2e/00/a2e_0032,0,8,1,68,4,Never,,,,
wb/a2e/00/a2e_0009,2,0,10,23,13,Never,,,,
wb/a2e/00/a2e_0020,0,25,7,16,8,Never,,,,
nw/wsj/21/wsj_2112,0,58,4,26,5,Never,,,,
mz/sinorama/10/ectb_1003,4,14,3,45,20,Never,,,,
nw/wsj/23/wsj_2343,0,21,3,50,4,Never,,,,
nw/wsj/10/wsj_1057,0,62,5,40,6,Never,,,,
wb/eng/00/eng_0013,0,31,15,13,16,Never,,,,
bc/msnbc/00/msnbc_0006,9,16,1,7,4,Never,,,,
tc/ch/00/ch_0039,1,33,0,7,3,Never,,,,
mz/sinorama/10/ectb_1011,4,15,5,23,6,Never,,,,
bn/cnn/03/cnn_0335,0,28,1,25,2,Never,,,,
nw/wsj/16/wsj_1640,0,7,0,10,1,Never,,,,
nw/wsj/01/wsj_0120,0,44,1,4,2,Never,,,,
nw/wsj/20/wsj_2052,0,47,0,16,1,Never,,,,
bn/cnn/03/cnn_0335,0,28,1,19,2,Never,,,,
mz/sinorama/10/ectb_1013,4,7,4,16,0,Never,,,,
wb/eng/00/eng_0009,3,38,13,17,14,Never,,,,
bn/cnn/04/cnn_0415,0,22,0,5,1,Never,,,,
bc/cnn/00/cnn_0000,12,44,0,8,2,Never,,,,
bc/cnn/00/cnn_0003,8,35,1,18,2,Never,,,,
bn/voa/01/voa_0132,0,4,3,57,4,Never,,,,
bn/voa/01/voa_0132,0,4,40,57,41,Never,,,,
bc/msnbc/00/msnbc_0002,3,23,4,19,8,Never,,,,
bc/msnbc/00/msnbc_0002,3,46,0,5,3,Never,,,,
nw/wsj/23/wsj_2326,0,2,0,16,1,Never,,,,
wb/a2e/00/a2e_0022,3,11,0,13,1,Never,,,,
nw/wsj/24/wsj_2402,0,47,0,5,1,Never,,,,
bc/cnn/00/cnn_0003,12,14,1,6,4,Never,,,,
bn/nbc/00/nbc_0026,0,11,0,13,1,Never,,,,
bc/msnbc/00/msnbc_0000,16,19,13,24,14,Never,,,,
nw/wsj/15/wsj_1588,0,5,0,29,1,Never,,,,
wb/eng/00/eng_0002,2,57,1,12,3,Never,,,,
wb/a2e/00/a2e_0014,0,0,5,13,6,Never,,,,
mz/sinorama/10/ectb_1003,4,14,3,43,20,Never,,,,
mz/sinorama/10/ectb_1018,8,5,15,30,20,Never,,,,
bn/cnn/00/cnn_0087,0,2,15,20,16,Never,,,,
nw/wsj/14/wsj_1455,0,7,0,43,2,Never,,,,
nw/wsj/23/wsj_2343,0,21,3,46,4,Never,,,,
nw/wsj/12/wsj_1282,0,5,1,17,2,Never,,,,
mz/sinorama/10/ectb_1043,1,14,0,34,2,Never,,,,
bc/phoenix/00/phoenix_0003,1,30,0,13,2,Never,,,,
mz/sinorama/10/ectb_1043,1,14,16,34,20,Never,,,,
wb/a2e/00/a2e_0031,0,35,2,23,4,Never,,,,
nw/wsj/17/wsj_1760,0,27,5,12,9,Never,,,,
nw/wsj/20/wsj_2013,0,66,1,10,3,Never,,,,
mz/sinorama/10/ectb_1021,5,9,2,37,28,Never,,,,
mz/sinorama/10/ectb_1003,1,6,64,24,58,Never,,,,
mz/sinorama/10/ectb_1003,1,6,64,49,58,Never,,,,
bc/cctv/00/cctv_0003,11,21,2,11,3,Never,,,,
nw/wsj/10/wsj_1000,0,25,8,11,9,Never,,,,
bn/cnn/01/cnn_0150,0,6,0,2,1,Never,,,,
wb/c2e/00/c2e_0032,0,8,27,47,30,Never,,,,
wb/eng/00/eng_0015,1,15,0,4,1,Never,,,,
bn/cnn/03/cnn_0305,0,13,0,21,1,Never,,,,
nw/wsj/13/wsj_1397,0,38,17,31,18,Never,,,,
bc/cctv/00/cctv_0005,5,29,4,10,6,Never,,,,
mz/sinorama/10/ectb_1050,0,10,0,41,1,Never,,,,
mz/sinorama/10/ectb_1064,10,5,19,30,20,Never,,,,
bc/cctv/00/cctv_0005,2,2,0,64,1,Never,,,,
nw/wsj/06/wsj_0633,0,57,14,22,15,Never,,,,
nw/xinhua/02/chtb_0207,0,50,15,32,18,Never,,,,
wb/eng/00/eng_0015,1,22,4,8,5,Never,,,,
nw/wsj/15/wsj_1561,0,8,0,9,2,Never,,,,
wb/a2e/00/a2e_0015,0,12,0,18,1,Never,,,,
wb/a2e/00/a2e_0015,0,13,0,12,1,Never,,,,
wb/a2e/00/a2e_0015,0,12,7,18,8,Never,,,,
wb/a2e/00/a2e_0015,0,15,7,14,8,Never,,,,
wb/a2e/00/a2e_0015,0,5,6,18,7,Never,,,,
wb/eng/00/eng_0017,3,5,14,30,15,Never,,,,
nw/wsj/16/wsj_1615,0,34,24,42,25,Never,,,,
nw/xinhua/02/chtb_0207,0,50,0,32,2,Never,,,,
mz/sinorama/10/ectb_1028,8,26,3,23,4,Never,,,,
wb/a2e/00/a2e_0005,0,25,17,21,18,Never,,,,
wb/c2e/00/c2e_0049,0,35,10,12,11,Never,,,,
wb/a2e/00/a2e_0023,0,12,0,13,1,Never,,,,
bc/cnn/00/cnn_0002,14,26,1,16,4,Never,,,,
bc/cnn/00/cnn_0002,14,26,2,16,4,Never,,,,
bc/msnbc/00/msnbc_0000,7,17,8,17,9,Never,,,,
nw/wsj/15/wsj_1570,0,35,3,22,4,Never,,,,
wb/a2e/00/a2e_0015,0,43,0,6,1,Never,,,,
bn/voa/02/voa_0231,0,5,1,4,2,Never,,,,
bn/pri/01/pri_0102,0,10,1,20,3,Never,,,,
bc/msnbc/00/msnbc_0005,10,11,0,7,2,Never,,,,
mz/sinorama/10/ectb_1042,6,8,1,37,28,Never,,,,
wb/c2e/00/c2e_0027,0,31,1,17,2,Never,,,,
mz/sinorama/10/ectb_1009,3,15,0,4,2,Never,,,,
mz/sinorama/10/ectb_1007,3,8,9,36,12,Never,,,,
mz/sinorama/10/ectb_1007,3,8,29,36,32,Never,,,,
nw/wsj/20/wsj_2013,0,43,32,8,30,Never,,,,
nw/wsj/24/wsj_2418,0,32,5,26,6,Never,,,,
bn/cnn/03/cnn_0305,0,15,33,59,34,Never,,,,
bn/cnn/03/cnn_0305,0,15,0,59,2,Never,,,,
bn/cnn/03/cnn_0305,0,15,50,59,51,Never,,,,
bn/pri/00/pri_0048,0,38,0,10,1,Never,,,,
wb/c2e/00/c2e_0026,1,25,15,37,17,Never,,,,
wb/a2e/00/a2e_0009,1,32,0,12,1,Never,,,,
mz/sinorama/10/ectb_1067,1,6,4,18,5,Never,,,,
bc/cnn/00/cnn_0006,5,1,1,12,5,Never,,,,
mz/sinorama/10/ectb_1067,1,6,20,34,21,Never,,,,
mz/sinorama/10/ectb_1054,1,6,12,4,14,Never,,,,
wb/eng/00/eng_0001,0,51,10,8,12,Never,,,,
bc/msnbc/00/msnbc_0002,18,34,6,9,7,Never,,,,
bc/cnn/00/cnn_0000,3,27,2,19,3,Never,,,,
bc/msnbc/00/msnbc_0007,11,7,1,19,2,Never,,,,
bc/cnn/00/cnn_0008,10,55,12,19,14,Never,,,,
bc/cnn/00/cnn_0008,10,55,12,24,14,Never,,,,
bc/cctv/00/cctv_0001,4,21,8,1,9,Never,,,,
bn/pri/00/pri_0028,0,5,4,14,6,Never,,,,
bn/voa/00/voa_0009,0,14,3,42,5,Never,,,,
bn/voa/00/voa_0009,0,14,3,46,5,Never,,,,
bc/cnn/00/cnn_0008,10,9,3,32,4,Never,,,,
bn/cnn/03/cnn_0398,0,2,1,12,2,Never,,,,
bc/cnn/00/cnn_0002,15,4,25,17,26,Never,,,,
bc/msnbc/00/msnbc_0007,10,22,1,12,2,Never,,,,
bn/cnn/00/cnn_0048,0,4,4,6,5,Never,,,,
bn/pri/01/pri_0103,0,16,10,25,11,Never,,,,
bc/cnn/00/cnn_0002,16,12,2,7,4,Never,,,,
bc/cnn/00/cnn_0002,16,12,2,18,4,Never,,,,
bc/cnn/00/cnn_0000,14,22,8,15,9,Never,,,,
bc/cnn/00/cnn_0000,14,0,1,23,2,Never,,,,
wb/eng/00/eng_0015,3,35,9,17,10,Never,,,,
nw/wsj/15/wsj_1568,0,57,1,14,13,Never,,,,
nw/wsj/15/wsj_1568,0,32,1,14,3,Never,,,,
bn/cnn/04/cnn_0408,0,10,40,75,41,Never,,,,
nw/wsj/09/wsj_0990,0,35,4,11,5,Never,,,,
bc/msnbc/00/msnbc_0002,0,14,18,23,20,Never,,,,
bn/cnn/00/cnn_0058,0,7,0,18,7,Never,,,,
nw/wsj/23/wsj_2381,0,34,1,6,2,Never,,,,
wb/a2e/00/a2e_0028,0,16,1,15,2,Never,,,,
bc/msnbc/00/msnbc_0002,1,26,9,30,10,Never,,,,
mz/sinorama/10/ectb_1029,6,6,0,5,1,Never,,,,
mz/sinorama/10/ectb_1055,5,7,1,26,2,Never,,,,
nw/wsj/00/wsj_0089,0,30,16,10,17,Never,,,,
nw/wsj/10/wsj_1019,0,32,2,5,3,Never,,,,
nw/wsj/15/wsj_1561,0,8,0,22,2,Never,,,,
nw/wsj/12/wsj_1282,0,5,1,5,2,Never,,,,
wb/a2e/00/a2e_0009,1,22,4,12,5,Never,,,,
wb/a2e/00/a2e_0009,1,22,4,22,5,Never,,,,
nw/wsj/12/wsj_1222,0,11,1,9,4,Never,,,,
bc/msnbc/00/msnbc_0005,4,13,12,32,15,Never,,,,
bc/msnbc/00/msnbc_0005,4,13,1,32,2,Never,,,,
bc/cnn/00/cnn_0002,16,37,55,65,59,Never,,,,
bc/cnn/00/cnn_0002,16,37,58,65,59,Never,,,,
wb/c2e/00/c2e_0026,0,20,34,40,37,Never,,,,
bc/cnn/00/cnn_0000,3,10,4,11,6,Never,,,,
bc/cnn/00/cnn_0000,3,9,1,12,3,Never,,,,
bc/cnn/00/cnn_0000,3,11,1,7,3,Never,,,,
bc/cnn/00/cnn_0000,3,11,1,10,3,Never,,,,
mz/sinorama/10/ectb_1012,1,19,3,22,4,Never,,,,
wb/eng/00/eng_0016,1,13,3,9,4,Invalid,,,,
bc/cnn/00/cnn_0003,1,34,0,24,2,Invalid,,,,
bc/cnn/00/cnn_0002,12,10,0,40,2,Invalid,,,,
bc/cnn/00/cnn_0003,5,38,6,5,7,Invalid,,,,
bn/abc/00/abc_0027,0,33,1,5,2,Invalid,,,,
wb/eng/00/eng_0009,3,32,0,12,1,Invalid,,,,
bn/cnn/01/cnn_0190,0,7,0,14,2,Invalid,,,,
nw/wsj/20/wsj_2052,0,18,7,16,9,Invalid,,,,
wb/c2e/00/c2e_0029,0,41,0,5,2,Invalid,,,,
nw/wsj/00/wsj_0020,0,1,38,24,39,Invalid,,,,
wb/c2e/00/c2e_0012,0,42,7,13,8,Invalid,,,,
nw/wsj/20/wsj_2013,0,129,1,12,2,Invalid,,,,
mz/sinorama/10/ectb_1021,9,9,19,27,21,Invalid,,,,
bc/msnbc/00/msnbc_0005,15,5,0,44,2,Invalid,,,,
bc/phoenix/00/phoenix_0002,2,60,17,31,18,Invalid,,,,
wb/a2e/00/a2e_0032,0,12,0,36,3,Invalid,,,,
wb/a2e/00/a2e_0032,0,12,0,10,3,Invalid,,,,
wb/eng/00/eng_0004,1,12,0,12,3,Invalid,,,,
wb/eng/00/eng_0004,2,17,16,23,17,Invalid,,,,
wb/eng/00/eng_0004,4,1,0,7,2,Invalid,,,,
mz/sinorama/10/ectb_1050,5,7,10,24,12,Invalid,,,,
nw/wsj/15/wsj_1566,0,36,16,24,19,Invalid,,,,
bn/cnn/02/cnn_0231,0,7,9,12,11,Invalid,,,,
mz/sinorama/10/ectb_1001,6,10,3,43,0,Invalid,,,,
mz/sinorama/10/ectb_1021,7,6,14,6,11,Invalid,,,,
mz/sinorama/10/ectb_1036,11,11,3,13,4,Invalid,,,,
nw/wsj/22/wsj_2278,0,20,0,20,1,Invalid,,,,
bn/cnn/04/cnn_0416,0,6,0,20,5,Invalid,,,,
bn/voa/02/voa_0246,0,12,11,17,12,Invalid,,,,
nw/wsj/11/wsj_1126,0,3,3,25,10,Invalid,,,,
bn/voa/00/voa_0009,0,32,41,53,43,Invalid,,,,
mz/sinorama/10/ectb_1031,7,10,0,14,1,Invalid,,,,
mz/sinorama/10/ectb_1017,8,8,0,8,1,Invalid,,,,
nw/wsj/20/wsj_2013,0,82,1,13,3,Invalid,,,,
nw/wsj/12/wsj_1299,0,13,2,5,3,Invalid,,,,
nw/xinhua/00/chtb_0003,0,10,3,9,5,Invalid,,,,
bc/msnbc/00/msnbc_0002,1,24,28,72,30,Invalid,,,,
mz/sinorama/10/ectb_1001,7,4,16,36,17,Invalid,,,,
mz/sinorama/10/ectb_1001,7,4,42,36,43,Invalid,,,,
mz/sinorama/10/ectb_1011,3,4,30,21,31,Invalid,,,,
nw/xinhua/02/chtb_0258,0,19,0,12,1,Invalid,,,,
bn/nbc/00/nbc_0014,0,5,7,14,8,Invalid,,,,
bn/abc/00/abc_0046,0,1,0,6,1,Invalid,,,,
mz/sinorama/10/ectb_1051,1,25,0,23,2,Invalid,,,,
nw/wsj/21/wsj_2102,0,39,0,6,1,Invalid,,,,
bn/cnn/03/cnn_0385,0,1,0,14,2,Invalid,,,,
nw/wsj/11/wsj_1127,0,1,1,9,2,Invalid,,,,
nw/wsj/23/wsj_2354,0,11,9,24,10,Invalid,,,,
nw/wsj/15/wsj_1586,0,25,0,20,2,Invalid,,,,
bc/phoenix/00/phoenix_0001,2,22,5,21,6,Invalid,,,,
nw/wsj/15/wsj_1567,0,71,6,3,7,Invalid,,,,
nw/wsj/23/wsj_2394,0,5,21,27,22,Invalid,,,,
nw/wsj/16/wsj_1615,0,78,2,16,7,Invalid,,,,
bn/cnn/00/cnn_0050,0,6,0,9,1,Invalid,,,,
nw/wsj/14/wsj_1469,0,39,9,21,10,Invalid,,,,
wb/eng/00/eng_0003,0,37,1,27,14,Invalid,,,,
nw/wsj/05/wsj_0596,0,20,18,9,19,Invalid,,,,
mz/sinorama/10/ectb_1057,2,10,3,12,4,Invalid,,,,
mz/sinorama/10/ectb_1063,4,11,0,29,1,Invalid,,,,
mz/sinorama/10/ectb_1058,2,4,0,3,1,Invalid,,,,
mz/sinorama/10/ectb_1069,3,2,0,31,1,Invalid,,,,
wb/a2e/00/a2e_0003,0,11,2,6,4,Invalid,,,,
mz/sinorama/10/ectb_1021,4,3,14,6,15,Invalid,,,,
wb/eng/00/eng_0015,1,56,0,5,3,Invalid,,,,
bn/pri/00/pri_0039,0,30,3,8,6,Invalid,,,,
mz/sinorama/10/ectb_1069,3,2,28,31,29,Invalid,,,,
nw/wsj/12/wsj_1267,0,63,13,22,14,Invalid,,,,
bc/cnn/00/cnn_0008,4,15,13,19,16,Invalid,,,,
tc/ch/00/ch_0039,1,18,3,19,4,Invalid,,,,
bc/msnbc/00/msnbc_0004,8,10,1,3,2,Invalid,,,,
nw/wsj/12/wsj_1270,0,43,0,3,1,Invalid,,,,
nw/wsj/11/wsj_1189,0,4,0,2,1,Invalid,,,,
nw/wsj/11/wsj_1189,0,9,1,20,2,Invalid,,,,
nw/wsj/24/wsj_2403,0,11,1,10,2,Invalid,,,,
nw/wsj/11/wsj_1178,0,6,38,43,40,Invalid,,,,
nw/wsj/23/wsj_2354,0,11,9,40,10,Invalid,,,,
nw/wsj/23/wsj_2376,0,55,2,16,4,Invalid,,,,
nw/wsj/23/wsj_2376,0,55,18,16,21,Invalid,,,,
nw/wsj/18/wsj_1825,0,24,17,27,18,Invalid,,,,
nw/wsj/15/wsj_1564,0,20,7,18,8,Invalid,,,,
mz/sinorama/10/ectb_1028,2,4,1,19,2,Invalid,,,,
nw/wsj/23/wsj_2376,0,56,1,8,2,Invalid,,,,
nw/wsj/11/wsj_1125,0,18,42,51,44,Invalid,,,,
nw/wsj/15/wsj_1566,0,36,16,25,19,Invalid,,,,
nw/wsj/14/wsj_1453,0,6,8,13,10,Invalid,,,,
nw/wsj/14/wsj_1435,0,30,0,8,1,Invalid,,,,
bc/msnbc/00/msnbc_0000,0,22,2,15,3,Invalid,,,,
bc/cnn/00/cnn_0002,8,34,1,5,2,Invalid,,,,
nw/wsj/09/wsj_0909,0,50,26,11,27,Invalid,,,,
bc/phoenix/00/phoenix_0001,6,10,0,15,1,Invalid,,,,
bc/phoenix/00/phoenix_0001,6,10,5,15,6,Invalid,,,,
tc/ch/00/ch_0039,1,18,3,7,4,Invalid,,,,
nw/wsj/10/wsj_1041,0,22,13,42,19,Invalid,,,,
mz/sinorama/10/ectb_1007,3,8,9,35,12,Invalid,,,,
mz/sinorama/10/ectb_1007,3,8,29,35,32,Invalid,,,,
mz/sinorama/10/ectb_1069,3,14,1,9,2,Invalid,,,,
bn/cnn/00/cnn_0069,0,8,0,14,2,Invalid,,,,
wb/a2e/00/a2e_0025,4,19,0,4,1,Invalid,,,,
bc/cnn/00/cnn_0000,3,21,19,36,21,Invalid,,,,
wb/eng/00/eng_0016,5,21,0,15,2,Invalid,,,,
wb/eng/00/eng_0016,0,36,28,34,30,Invalid,,,,
mz/sinorama/10/ectb_1021,2,20,3,12,4,Invalid,,,,
bc/msnbc/00/msnbc_0003,11,12,5,21,7,Invalid,,,,
bn/cnn/03/cnn_0395,0,3,2,9,4,Invalid,,,,
bn/cnn/03/cnn_0362,0,3,0,5,1,Invalid,,,,
bn/cnn/00/cnn_0010,0,26,4,18,8,Invalid,,,,
nw/wsj/13/wsj_1317,0,32,1,8,2,Invalid,,,,
mz/sinorama/10/ectb_1006,9,14,0,14,1,Invalid,,,,
mz/sinorama/10/ectb_1003,7,22,5,10,6,Invalid,,,,
bn/pri/00/pri_0085,0,9,8,11,9,Invalid,,,,
bn/cnn/03/cnn_0388,0,37,8,12,9,Invalid,,,,
bn/cnn/03/cnn_0388,0,37,8,20,9,Invalid,,,,
mz/sinorama/10/ectb_1009,4,23,37,24,35,Invalid,,,,
mz/sinorama/10/ectb_1030,2,20,3,26,4,Invalid,,,,
nw/wsj/12/wsj_1206,0,27,6,4,8,Invalid,,,,
wb/a2e/00/a2e_0024,0,7,10,26,11,Invalid,,,,
mz/sinorama/10/ectb_1009,4,23,2,24,3,Invalid,,,,
nw/wsj/12/wsj_1206,0,30,0,18,3,Invalid,,,,
nw/wsj/23/wsj_2381,0,20,8,15,9,Invalid,,,,
nw/wsj/06/wsj_0616,0,18,2,5,3,Invalid,,,,
bc/cnn/00/cnn_0000,16,8,0,5,3,Invalid,,,,
bc/cnn/00/cnn_0001,15,48,3,8,6,Invalid,,,,
nw/xinhua/03/chtb_0314,0,5,2,30,15,Invalid,,,,
nw/wsj/10/wsj_1092,0,1,13,16,14,Invalid,,,,
nw/wsj/18/wsj_1875,0,45,1,11,4,Invalid,,,,
wb/a2e/00/a2e_0009,3,10,17,32,18,Invalid,,,,
bc/phoenix/00/phoenix_0002,2,60,8,14,9,Invalid,,,,
wb/a2e/00/a2e_0009,2,0,3,23,6,Invalid,,,,
nw/wsj/15/wsj_1568,0,46,20,31,21,Invalid,,,,
bn/cnn/03/cnn_0360,0,8,0,3,2,Invalid,,,,
bn/cnn/03/cnn_0383,0,31,4,21,5,Invalid,,,,
bn/cnn/01/cnn_0150,0,12,2,10,3,Invalid,,,,
bn/cnn/03/cnn_0305,0,0,15,20,16,Invalid,,,,
bn/voa/01/voa_0107,0,24,2,14,7,Invalid,,,,
bn/cnn/03/cnn_0383,0,31,8,21,9,Invalid,,,,
bc/cnn/00/cnn_0002,2,20,2,41,36,Invalid,,,,
bn/cnn/03/cnn_0320,0,11,8,6,9,Invalid,,,,
bc/msnbc/00/msnbc_0004,8,4,6,23,7,Invalid,,,,
bc/msnbc/00/msnbc_0004,8,4,16,23,17,Invalid,,,,
bc/cnn/00/cnn_0000,14,11,21,26,22,Invalid,,,,
bc/cnn/00/cnn_0005,2,32,7,10,8,Invalid,,,,
bn/mnb/00/mnb_0020,0,12,21,34,24,Invalid,,,,
bc/cnn/00/cnn_0003,8,21,14,21,16,Invalid,,,,
mz/sinorama/10/ectb_1013,4,7,8,16,9,Invalid,,,,
mz/sinorama/10/ectb_1009,3,4,4,16,5,Invalid,,,,
bn/abc/00/abc_0042,0,13,0,4,1,Invalid,,,,
mz/sinorama/10/ectb_1054,3,4,9,20,11,Invalid,,,,
nw/wsj/09/wsj_0937,0,10,26,32,30,Invalid,,,,
nw/wsj/02/wsj_0290,0,45,8,14,9,Invalid,,,,
bn/pri/00/pri_0037,0,5,0,27,1,Invalid,,,,
wb/eng/00/eng_0017,3,4,22,30,24,Invalid,,,,
wb/eng/00/eng_0017,3,4,1,13,2,Invalid,,,,
wb/eng/00/eng_0017,3,4,1,30,2,Invalid,,,,
bn/abc/00/abc_0001,0,17,10,16,13,Invalid,,,,
bn/abc/00/abc_0001,0,17,0,16,3,Invalid,,,,
wb/eng/00/eng_0017,3,4,27,30,28,Invalid,,,,
bn/voa/01/voa_0179,0,16,5,10,6,Invalid,,,,
mz/sinorama/10/ectb_1016,2,3,9,17,11,Invalid,,,,
nw/wsj/12/wsj_1272,0,0,1,27,2,Invalid,,,,
bn/voa/01/voa_0107,0,3,1,4,2,Invalid,,,,
nw/wsj/05/wsj_0515,0,49,0,25,2,Invalid,,,,
bc/cnn/00/cnn_0007,4,17,1,6,2,Invalid,,,,
mz/sinorama/10/ectb_1007,6,22,0,13,2,Invalid,,,,
bn/pri/00/pri_0076,0,21,7,17,8,Invalid,,,,
bc/msnbc/00/msnbc_0007,11,7,10,19,12,Invalid,,,,
bn/cnn/00/cnn_0058,0,12,4,17,6,Invalid,,,,
nw/wsj/19/wsj_1984,0,25,0,19,1,Invalid,,,,
nw/wsj/16/wsj_1682,0,19,7,13,8,Invalid,,,,
wb/eng/00/eng_0016,3,14,9,2,11,Invalid,,,,
bc/msnbc/00/msnbc_0004,2,20,27,48,29,Invalid,,,,
wb/a2e/00/a2e_0022,0,8,0,23,2,Invalid,,,,
bc/cctv/00/cctv_0004,12,13,1,29,3,Invalid,,,,
mz/sinorama/10/ectb_1067,1,6,20,26,21,Invalid,,,,
nw/wsj/00/wsj_0089,0,44,2,19,10,Invalid,,,,
mz/sinorama/10/ectb_1056,2,7,0,16,3,Invalid,,,,
bc/cnn/00/cnn_0001,17,37,0,7,1,Invalid,,,,
mz/sinorama/10/ectb_1028,2,4,1,32,2,Invalid,,,,
nw/wsj/13/wsj_1390,0,42,37,43,38,Invalid,,,,
nw/wsj/10/wsj_1026,0,40,0,17,2,Invalid,,,,
bn/voa/01/voa_0163,0,4,8,12,9,Invalid,,,,
bc/msnbc/00/msnbc_0004,22,18,9,17,10,Invalid,,,,
bn/voa/01/voa_0163,0,4,3,12,5,Invalid,,,,
bc/cnn/00/cnn_0006,8,5,30,49,32,Invalid,,,,
bc/cnn/00/cnn_0006,8,5,41,49,43,Invalid,,,,
mz/sinorama/10/ectb_1030,0,2,15,24,16,Invalid,,,,
